新疆维吾尔自治区塔城地区额敏县,新疆维吾尔自治区塔城地区,冀衍山,冀衍山,4.0,13364782888
新疆维吾尔自治区塔城地区塔裕民县,新疆维吾尔自治区塔城地区,孙永政  ,孙永政  ,4.0,18999483518
新疆塔城市农九师康馨花园10号楼4单元502,新疆维吾尔自治区塔城地区,王赟,王赟,4.0,18609011114
乌苏市八十四户乡陈家庄子村127号,新疆维吾尔自治区塔城地区,陈光,陈光,4.0,18139399122
塔城市沙湾县,新疆维吾尔自治区塔城地区,豆保安,豆保安,4.0,13999539859
塔城市托里县 ,新疆维吾尔自治区塔城地区,李方龙,李方龙,4.0,18097796665
塔城市乌苏市  ,新疆维吾尔自治区塔城地区,徐燕伟 ,徐燕伟 ,4.0,13070307776
塔城乌苏市,新疆维吾尔自治区塔城地区,咸志鹏,咸志鹏,4.0,18139376566
新疆塔城地区乌苏市 ,新疆维吾尔自治区塔城地区,马龙,马龙,4.0,13519958866
