新疆和田地区皮山县,新疆维吾尔自治区和田地区,,彭庆伟,4.0,15292662211
新疆和田地区民丰县,新疆维吾尔自治区和田地区,吐送巴克.肉孜尼亚孜,吐送巴克.肉孜尼亚孜,4.0,18399238181
新疆和田地区洛浦县,新疆维吾尔自治区和田地区,陈垒,陈垒,4.0,15292997654
新疆和田地区墨玉县,新疆维吾尔自治区和田地区,程关喜,程关喜,4.0,18799371863
新疆和田地区和田县,新疆维吾尔自治区和田地区,卜伟,卜伟,4.0,15209004466
新疆和田地区于田县,新疆维吾尔自治区和田地区,党生金,党生金,4.0,13779192239
新疆和田市,新疆维吾尔自治区和田地区,范磊磊,范磊磊,4.0,14799121107
新疆和田地区和田市,新疆维吾尔自治区和田地区,邢成,邢成,4.0,15199298867
