新疆石河子车管所备案单位，办公地址车管所院内4号,新疆维吾尔自治区石河子市,刘向阳,刘向阳,4.9,13899527976
石河子,新疆维吾尔自治区石河子市,杨俊,杨俊,4.7,18299377770
石河子,新疆维吾尔自治区石河子市,,孙宝宝,4.0,13677532701
新疆石河子市,新疆维吾尔自治区石河子市,吕福琴,吕福琴,4.0,13909930805
新疆石河子市开发区北二路天富康城北门新康缘便利店,新疆维吾尔自治区石河子市,,陈梦桃,4.0,15886937395
新疆石河子,新疆维吾尔自治区石河子市,程雪莲,程雪莲,4.0,18999338197
新疆石河子,新疆维吾尔自治区石河子市,659001198506020378,王冠,4.0,15699329889
