新疆吐鲁番市,新疆维吾尔自治区吐鲁番地区,吐鲁番市浩博商务服务有限公司,温潮,4.5,15022875657
新疆吐鲁番市托克逊县,新疆维吾尔自治区吐鲁番地区,靳坚,靳坚,4.5,13579555585
新疆吐鲁番市鄯善县,新疆维吾尔自治区吐鲁番地区,王海波,王海波,4.0,13199959859
新疆吐鲁番市托克逊的,新疆维吾尔自治区吐鲁番地区,142621197705264129,王丽娟,4.0,13579555120
新疆鄯善县交警大队院内,新疆维吾尔自治区吐鲁番地区,王翠萍,王翠萍,4.0,13565599767
新疆吐鲁番市,新疆维吾尔自治区吐鲁番地区,,邵明庆,4.0,13209029969
