新疆阿勒泰哈巴河县,新疆维吾尔自治区阿勒泰地区,韦雪娇,韦雪娇,4.0,15688327188
新疆维吾尔自治区阿勒泰市富蕴县,新疆维吾尔自治区阿勒泰地区,乔磊,乔磊,4.0,18099349507
新疆阿勒泰福海县,新疆维吾尔自治区阿勒泰地区,周娟娟,周娟娟,4.0,18690200819
阿勒泰地区青河县,新疆维吾尔自治区阿勒泰地区,杨艳昌,杨艳昌,4.0,18997512221
阿勒泰,新疆维吾尔自治区阿勒泰地区,居马别克。巴吐别克,居马别克。巴吐别克,4.0,13565794888
