浙江省丽水市遂昌县妙高街道西街18弄,浙江省丽水市,金磊,金磊,4.5,15805888461
浙江省丽水市庆元县,浙江省丽水市,91331126MA28J3KP17,吴琦锋,4.5,13777690342
浙江省丽水市松阳县,浙江省丽水市,,应坦忘,4.5,15925746662
丽水市西站路车管所门口,浙江省丽水市,陈伟友,陈伟友,4.0,15925790733
浙江省丽水市青田县,浙江省丽水市,,项逗逗,4.0,15906400017
浙江省丽水市青田县,浙江省丽水市,,张金伟,4.0,15157832350
浙江省丽水市松阳县,浙江省丽水市,松阳县好帮手家政服务有限公司,徐浩前,4.0,18805787444
浙江省青田县海口镇元头坑4号,浙江省丽水市,徐志民,徐志民,4.0,15990427399
浙江省丽水市,浙江省丽水市,,周平平,4.0,18805888091
,浙江省丽水市,,叶建胜,4.0,15325129298
,浙江省丽水市,,汤小勇,4.0,13957083090
浙江省丽水市莲都区,浙江省丽水市,吴一正,吴一正,4.0,13567627747
