随州市汉东路
114号,湖北省随州市,孙胜权,孙胜权,4.0,15335775062
湖北省广水市应十大道179号,湖北省随州市,广水市鸿鸣汽车运输有限公司,孙华国,4.5,13997856068
湖北省,随州市,湖北省随州市,女士,女士,4.0,15629991828
湖北省,随州市,湖北省随州市,汪先生,汪先生,4.0,13177186838
湖北省,随州市,湖北省随州市,陈先生,陈先生,4.0,15071653686
湖北省随州市曾都区,湖北省随州市,,朱晓萍,4.0,13908660095
湖北省随州市曾都区擂鼓墩大道车管所旁,湖北省随州市,王明锐,王明锐,4.0,13886868956
湖北省随州市二桥车管所,湖北省随州市,杨传清,杨传清,4.0,13235502036
