浙江省德清县武康镇新琪村俞家墩13号,浙江省湖州市,,泮登,4.5,13957279774
湖州市,浙江省湖州市,,吴志美,4.0,13396721181
浙江省嘉兴市嘉善县陶庄镇利生村蜊壳港125号,浙江省湖州市,陆权嵩,陆权嵩,4.0,13735113835
浙江省湖州市南浔区,浙江省湖州市,,郭伟,4.0,15067288435
凤凰街道,浙江省湖州市,,田川,4.0,18167250819
浙江省德清县乾元镇明星村洋口2号,浙江省湖州市,夏煜鑫,夏煜鑫,4.0,18757289202
浙江省湖州市德清县,浙江省湖州市,程辉,程辉,4.0,18906822777
湖州市,浙江省湖州市,,叶赟波,4.0,13157259770
湖州市,浙江省湖州市,,蒋元杰,4.0,13735127696
湖州市,浙江省湖州市,,朱安良,4.0,13967259206
浙江省湖州市三县两区,浙江省湖州市,,毛新荣,4.0,13511215187
浙江省湖州市德清县,浙江省湖州市,王红,王红,4.0,15167282229
