益阳市,湖南省益阳市,,肖立坤,4.9,13327371383
沅江检测站,湖南省益阳市,,彭建云,4.8,13873764490
益阳市赫山区金桃苑3号,湖南省益阳市,朝阳车务之家汽车会所,夏海峰,4.8,15973072118
中国人寿保险公司,湖南省益阳市,,王亚丽,4.5,17773741062
湖南省,益阳市,湖南省益阳市,肖立坤,肖立坤,4.0,15292071383
湖南省,湖南省益阳市,,王鹏,4.0,15173701210
湖南省,益阳市,赫山区,湖南省益阳市,张佳,张佳,4.0,15080711132
,湖南省益阳市,邱琦舜 ,邱琦舜 ,4.0,18173709000
湖南省益阳市千家洲乡建丰村周华组,湖南省益阳市,曹阳,曹阳,4.0,15898491384
安化县东坪镇,湖南省益阳市,周勇,周勇,4.0,15673699988
,湖南省益阳市,,杨旺,4.0,13873771878
,湖南省益阳市,,刘琦龙,4.0,18873700333
