湖北省,咸宁市,湖北省咸宁市,陈先生,陈先生,4.0,15629801111
湖北省咸阳市咸安区,湖北省咸宁市,,杨飞,4.0,18671587583
湖北省咸宁市咸安区,湖北省咸宁市,唐会益,唐会益,4.0,18207245958
湖北省咸宁市咸安区,湖北省咸宁市,咸宁宏发机动车事务代办有限公司,潘建红,4.0,13997523609
,湖北省咸宁市,咸宁兄弟汽车服务有限公司,郑亚君,4.0,15997940080
湖北省咸宁市咸安区盘源村十七组19一1,湖北省咸宁市,唐晖,唐晖,4.0,13972836708
,湖北省咸宁市,,熊文兵,4.0,13972810998
