湖北省黄冈市黄州区,湖北省黄冈市,,马杰,4.0,13581247333
湖北省黄冈市黄州区路口大道,湖北省黄冈市,涂川,涂川,4.0,13593655878
湖北省黄冈市麻城市,湖北省黄冈市,,刘宏和,4.0,13114340100
湖北省黄冈市武穴市大桥边242号,湖北省黄冈市,居灵,居灵,4.0,13476605160
湖北省,黄冈市,湖北省黄冈市,沈杨,沈杨,4.0,13871988222
湖北省,黄冈市,湖北省黄冈市,彭军红,彭军红,4.0,18986273881
湖北省,黄冈市,湖北省黄冈市,商先生,商先生,4.0,13237218110
,湖北省黄冈市,沈敏,沈敏,4.0,13227350999
,湖北省黄冈市,王瑶,王瑶,4.0,15098007587
湖北省,湖北省黄冈市,,翟中林,4.0,15572383733
湖北省黄冈市黄州区赤壁大道38号,湖北省黄冈市,湖北坤诚汽车服务有限公司,程昆,4.0,13971709997
湖北省黄冈市英山县,湖北省黄冈市,张腾,张腾,4.0,18163037003
