湖北省潜江市,湖北省潜江市,唐艳,唐艳,4.0,18696314959
湖北省潜江市,湖北省潜江市,毛军,毛军,4.5,13597444333
湖北省潜江市,湖北省潜江市,,阮光荣,4.0,13607221579
,湖北省潜江市,,关小平,4.0,13477470174
湖北潜江,湖北省潜江市,何军,何军,4.0,15826896008
湖北省,潜江市,湖北省潜江市,何先生,何先生,4.0,18171953333
湖北省,潜江市,湖北省潜江市,昌先生,昌先生,4.0,18986727888
湖北省潜江市,湖北省潜江市,郑梅梅,郑梅梅,4.0,13297202324
湖北省潜江市,湖北省潜江市,,赵小华,4.0,15572281585
