临澧文化街178号,湖南省常德市,,谭菊芳,4.9,15080631689
常德市武陵区府坪街道体育东路社区青年路交警二大队2号门面,湖南省常德市,武陵区灿灿烟酒商行,蒋立君,4.9,13787868228
常德市澧县澧州大道1518号,湖南省常德市,九鹏车务,汪小明,4.8,15973610228
湖南省,常德市,湖南省常德市,丁女士,丁女士,4.0,15080688787
湖南省常德市武陵区紫菱路沙港名苑,湖南省常德市,杨栩,杨栩,4.0,15387429806
常德市鼎城区车管所,湖南省常德市,,蔡贵平,4.0,13511177368
,湖南省常德市,,李林,4.0,13017258000
,湖南省常德市,,廖翠云,4.0,13511199887
,湖南省常德市,,仲大勇,4.0,13575226772
