,湖北省黄石市,冯光华,冯光华,4.6,18327875688
湖北省黄石市黄石港区,湖北省黄石市,,黄云朋,4.0,13339908950
湖北省黄石市哈顿广场3单元,湖北省黄石市,黄三雄,黄三雄,4.0,13098397515
湖北省,黄石市,湖北省黄石市,王先生,王先生,4.0,15072024336
湖北黄石市铁山区,湖北省黄石市,,方菲,4.0,15072041101
湖北省,黄石市,湖北省黄石市,李林,李林,4.0,18671460476
湖北省黄石市,湖北省黄石市,张古国,张古国,4.0,18271696920
湖北省黄石市大冶市金湖街道办事处下四房村湖塘湾35号,湖北省黄石市,冯伟庆,冯伟庆,4.0,15897794439
湖北省黄石市,湖北省黄石市,,邢大正,4.0,15871156140
湖北省黄石市,湖北省黄石市,,吴涛,4.0,18872752323
,湖北省黄石市,,陈长春,4.0,15997259969
