宏宇新城柏景湾天晟汽车服务中心二楼,湖南省怀化市,怀化联桥,杨菊英,4.9,13974531691
溆浦县交警队旁,湖南省怀化市,戴小叶,戴小叶,4.0,18874507555
湖南省,怀化市,鹤城区,湖南省怀化市,李先生,李先生,4.0,15607450170
湖南省,怀化市,鹤城区,湖南省怀化市,刘先生,刘先生,4.0,15874563939
湖南省,怀化市,鹤城区,湖南省怀化市,杨菊英,杨菊英,4.0,13974543451
湖南省怀化市鹤城区禾塘村车辆管理所,湖南省怀化市,申玲,申玲,4.0,17707459995
,湖南省怀化市,,吴维,4.0,18074518937
,湖南省怀化市,,蒋川军,4.0,13378952752
湖南省怀化市,湖南省怀化市,全大法,全大法,4.0,18075995078
,湖南省怀化市,,刘利兰,4.0,18974520484
