湖北省荆门市,湖北省荆州市,,吴昌华,4.0,13908699138
湖北省,荆州市,湖北省荆州市,袁先生,袁先生,4.0,13135771999
湖北省荆州市沙市区,湖北省荆州市,,高东,4.0,13397221000
湖北省,荆州市,湖北省荆州市,刘斌,刘斌,4.0,13508628334
湖北省,荆州市,湖北省荆州市,关立平,关立平,4.0,13593895152
湖北省,荆州市,湖北省荆州市,先生,先生,4.0,13797386322
湖北省,荆州市,湖北省荆州市,吴先生,吴先生,4.0,15572088292
湖北省,荆州市,湖北省荆州市,徐海陵,徐海陵,4.0,15572128216
湖北省,荆州市,湖北省荆州市,李先生,李先生,4.0,15608610275
,湖北省荆州市,,张博凯,4.0,18608669490
湖北省,荆州市,湖北省荆州市,黄女士,黄女士,4.0,15272636292
,湖北省荆州市,,张林,4.0,13797523860
,湖北省荆州市,,袁柳,4.0,13972102333
湖北省,荆州市,湖北省荆州市,何相存,何相存,4.0,13972335998
荆州市沙市区王家港路88号,湖北省荆州市,黄华,黄华,4.0,18007216888
湖北省,荆州市,湖北省荆州市,肖辉,肖辉,4.0,13264628887
湖北省荆州市公安县,湖北省荆州市,汪长平,汪长平,4.0,13872210070
湖北省荆州市,湖北省荆州市,李元菊,李元菊,4.0,13677169321
湖北省荆州市荆州区郢城镇,湖北省荆州市,黄小虎,黄小虎,4.0,15826637700
,湖北省荆州市,,马彩霞,4.0,18986709152
,湖北省荆州市,余海兵,余海兵,4.0,15827733381
湖北省荆州市,湖北省荆州市,黄仲贤,黄仲贤,4.0,15827507822
