浙江省衢州市柯城区五环路20号,浙江省衢州市,衢州市快易汽车服务有限公司,余剑林,4.8,13957008168
浙江省衢州市江山县检测站,浙江省衢州市,,徐江钧,4.7,13735067475
浙江省衢州市龙游县,浙江省衢州市,刘玲龙,刘玲龙,4.0,15268079617
浙江省衢州市龙游县龙洲街道兴龙南路16号,浙江省衢州市,龙游七辈汽车修理部,张兴,4.0,18767070055
浙江省衢州市衢江区,浙江省衢州市,,邱虹燕,4.0,18606701169
浙江省衢州市江山县,浙江省衢州市,何阳坚,何阳坚,4.0,15057023083
浙江省衢州市龙游县,浙江省衢州市,,陈益浩,4.0,13454023028
浙江省衢州市柯城区,浙江省衢州市,蓝一鸣,蓝一鸣,4.0,15067010804
衢州市柯城区,浙江省衢州市,周强,周强,4.0,15067007472
