古培镇,湖南省岳阳市,,兰艳,4.8,13762099615
湖南省岳阳市民安机动车检测中心,湖南省岳阳市,,黄新富,4.5,18873065310
岳阳市车管所对面照相馆,湖南省岳阳市,,黎跃,4.5,18673002850
临湘市荷花路荷花超市,湖南省岳阳市,,张青,4.0,15173032816
湖南省华容县城关镇桥东车管所,湖南省岳阳市,陈钱,陈钱,4.0,15974353353
湖南省岳阳市华容县车管所斜对面华顺车友俱乐部,湖南省岳阳市,胡丽芳,胡丽芳,4.0,15573036333
,湖南省岳阳市,卢娟,卢娟,4.0,18274062141
中南市场,湖南省岳阳市,,傅建波,4.0,18973743200
湖南省关山村十组2号,湖南省岳阳市,,兰鹏,4.0,18773040028
,湖南省岳阳市,,许勇,4.0,13873068642
湖南省岳阳市华容县,湖南省岳阳市,,王斌,4.0,13055077182
湖南省汨罗市汨新路五交化宿舍区门面(归义广场东南角),湖南省岳阳市,罗金龙,罗金龙,4.0,13874089460
