湖北省,宜昌市,湖北省宜昌市,熊传柱,熊传柱,4.0,18671731711
,湖北省宜昌市,任小霞,任小霞,4.0,13972550137
湖北省,宜昌市,湖北省宜昌市,范先生,范先生,4.0,15072514990
,湖北省宜昌市,牟宗琴,牟宗琴,4.0,13872623997
湖北省宜昌市,湖北省宜昌市,向军,向军,4.0,13477867288
湖北省宜昌市宜都市,湖北省宜昌市,宜都市车迷之家汽车便民服务部,周红源,4.0,17707172377
湖北省宜昌市,湖北省宜昌市,明杰,明杰,4.0,15997689133
,湖北省宜昌市,,丁淼,4.0,13207216077
