湖南省永州市祁阳畅安路30号,湖南省永州市,畅安车辆代理,王斌,4.7,15200997339
湖南省永州市道县道州北路,湖南省永州市,燕宝二手车交易,黄志庆,4.0,13874665534
湖南省,永州市,湖南省永州市,宋,宋,4.0,13617466623
湖南省,永州市,湖南省永州市,周仁杰,周仁杰,4.0,13517462161
湖南省,永州市,湖南省永州市,郑伟东,郑伟东,4.0,18774608630
车管所,湖南省永州市,,谢小平,4.0,15367462046
湖南省,永州市,湖南省永州市,韩玉国,韩玉国,4.0,18707463688
,湖南省永州市,,郑小芳,4.0,18927857118
,湖南省永州市,,张少坤,4.0,18607462076
湖南省永州市,湖南省永州市,,唐姣,4.0,15915488278
,湖南省永州市,,李文艺,4.0,13789222677
,湖南省永州市,,郑会柏,4.0,15226332268
,湖南省永州市,,何苗苗,4.0,13387467640
