江苏省镇江市京口区丁卯桥路158号,江苏省镇江市,国永齐,国永齐,4.0,13338816888
江苏省镇江市丹阳市开发区大泊镇镇东路南侧,江苏省镇江市,丹阳市开发区安安汽车服务部,陈婷,4.0,15952926555
江苏省镇江市车管所对面,江苏省镇江市,方孝德,方孝德,4.0,13913438225
镇江市京口区桃花坞新村11区36幢,江苏省镇江市,景晟,景晟,4.0,18913407728
江苏省镇江市丹阳,江苏省镇江市,史中云,史中云,4.0,13506108837
镇江市丹徒区辛丰镇西石村,江苏省镇江市,姜苏恒,姜苏恒,4.0,13151187737
