河南省周口市,河南省周口市,,徐涛,4.0,15936012138
八一路北段合创车馆所院内鸿丰车行,河南省周口市,孙海燕,孙海燕,4.0,15333943336
河南省周口市川汇区,河南省周口市,黄建伟,黄建伟,4.0,13673559265
河南省周口市川汇区,河南省周口市,许春伟,许春伟,4.0,13526211170
河南省周口市川汇区车管所,河南省周口市,曲东辉,曲东辉,4.0,15839404888
河南省周口市太康县符草楼,河南省周口市,赵鹏辉,赵鹏辉,4.0,13968683747
