河南省三门峡市,河南省三门峡市,刘敏,刘敏,4.5,15516335995
河南省三门峡灵宝市,河南省三门峡市,,蒋丹丹,4.0,15516321006
河南省三门峡市陕县,河南省三门峡市,,王红莲,4.0,15516300936
河南省三门峡市义马市,河南省三门峡市,,赵育林,4.0,13103982686
三门峡市车管所大门东第一间甘 甜商店,河南省三门峡市,王满丰,王满丰,4.0,13525204644
河南省三门峡市,河南省三门峡市,梁治辉,梁治辉,4.0,18790737411
河南省三门峡市,河南省三门峡市,刘爽,刘爽,4.0,18639898727
