河北省张家口市怀安县,河北省张家口市,明阳车友会,张燕飞,4.6,15081885959
河北省张家口市宣化区,河北省张家口市,,严鹏,4.6,13700331993
,河北省张家口市,胡圆圆,胡圆圆,4.0,13483316833
河北省张家口市,河北省张家口市,吉通车务,贾广军   ,4.0,15075373716
河北省张家口市,河北省张家口市,谢飞,谢飞,4.0,15028348595
河北省张家口市宣化区,河北省张家口市,张栋,张栋,4.0,15233131593
河北省张家口市,河北省张家口市,,杨命龙,4.0,13803134730
,河北省张家口市,温永智,温永智,4.0,13315349635
鑫盛车务,河北省张家口市,,盛军,4.0,17731367979
河北省张家口市,河北省张家口市,,范洪涛,4.0,13473311511
河北省张家口市,河北省张家口市,王文亮,王文亮,4.0,13582971815
河北省张家口市,河北省张家口市,,武峰,4.0,15531323259
,河北省张家口市,,王志智,4.0,18731320685
