洛阳市西工区美术馆路一号院,河南省洛阳市,陈晓明,陈晓明,4.0,13513847855
河南省洛阳市吉利区,河南省洛阳市,余晓春,余晓春,4.0,15639928315
河南洛阳市西工区九都路59号永祥苑,河南省洛阳市,张峰,张峰,4.0,13608664844
河南省洛阳市,河南省洛阳市,,曲建波,4.0,13838888850
河南省洛阳市,河南省洛阳市,郭泳涛,郭泳涛,4.0,13503817115
河南省洛阳市,河南省洛阳市,张金力,张金力,4.0,13838856311
河南省洛阳市,河南省洛阳市,,王世杰,4.0,15516366689
