江西省景德镇市乐平市人民大道368号,江西省景德镇市,程文飞,程文飞,4.6,15179803280
江西省景德镇,江西省景德镇市,张元元,张元元,4.5,13979822256
江西省景德镇市昌江区中国陶瓷城,江西省景德镇市,黄斌,黄斌,4.5,13407985522
江西省景德镇浮梁县,江西省景德镇市,孙思,孙思,4.0,13617986500
江西省景德镇珠山区,江西省景德镇市,汤新文,汤新文,4.0,18979871136
江西省景德镇市珠山区,江西省景德镇市,,汤新文,4.0,15907986811
江西省景德镇市昌江区,江西省景德镇市,,余克勤,4.0,18279881390
