河南省濮阳市,河南省濮阳市,王晓丽,王晓丽,4.0,13353931358
河南省濮阳市,河南省濮阳市,,李磊,4.0,13223978963
河南省濮阳市,河南省濮阳市,王晓燕,王晓燕,4.0,13781349351
河南省濮阳市南乐县,河南省濮阳市,,丁代里,4.0,18338022236
河南省濮阳市,河南省濮阳市,,王燕,4.0,18238352857
濮阳清丰城关镇,河南省濮阳市,葛政君,葛政君,4.0,15139388408
河南省濮阳市台前县,河南省濮阳市,台前县新区机动车驾驶员服务中心,岳跃川,4.0,18939331358
河南省濮阳市台前县,河南省濮阳市,,岳元威,4.0,18939388122
河南省濮阳范县龙王庄镇小屯村288号,河南省濮阳市,陈德胜,陈德胜,4.0,18639369333
河南省,河南省濮阳市,,程跃锋,4.0,13839263369
