河南省平顶山市,河南省平顶山市,藏晓刚,藏晓刚,4.0,15037511701
河南省平顶山市,河南省平顶山市,,陈永亮,4.0,13903751086
河南市平顶山市石龙区交警支队对面,河南省平顶山市,刘延飞,刘延飞,4.0,18603755278
河南省平顶山市叶县,河南省平顶山市,,辛圣洁,4.0,13733793386
河南省平顶山市汝州市,河南省平顶山市,,任朝阳,4.0,15037555618
河南省平顶山市郏县,河南省平顶山市,高军帅,高军帅,4.0,13071717170
河南省平顶山市,河南省平顶山市,武娟娟,武娟娟,4.0,15238203335
河南省平顶山市,河南省平顶山市,邵小龙,邵小龙,4.0,15516061100
河南省郏县,河南省平顶山市,张亚军,张亚军,4.0,13837163225
河南省平顶山市建设东路物资大厦880号,河南省平顶山市,张志远,张志远,4.0,18937573808
,河南省平顶山市,,臧晓航,4.0,15237512855
河南省汝州市安庄顺利车辆俱乐部,河南省平顶山市,张晴丽,张晴丽,4.0,15333907910
