,江西省鹰潭市,,何佳一,4.8,13128278349
月湖区,江西省鹰潭市,黄新水,黄新水,4.6,17707015117
江西省,鹰潭市,江西省鹰潭市,陈美芳,陈美芳,4.0,13870023345
江西省,鹰潭市,江西省鹰潭市,傅加武,傅加武,4.0,13807011759
江西省鹰潭市月湖区,江西省鹰潭市,,李丹,4.0,13870152705
江西省,鹰潭市,江西省鹰潭市,潘敏华,潘敏华,4.0,15807011610
江西省鹰潭市月湖区,江西省鹰潭市,吴丽丽,吴丽丽,4.0,13870023663
江西省鹰潭市月湖区,江西省鹰潭市,,祝标龙,4.0,18970189494
江西省鹰潭市月湖区,江西省鹰潭市,,王小兵,4.0,15070107963
