河北省邯郸市,河北省邯郸市,,李伟娜,4.9,15131009586
河北省邯郸市北环现代汽贸城,河北省邯郸市,张杨杨,张杨杨,4.0,15833016456
,河北省邯郸市,,姚卫东,4.0,18031012444
河北省邯郸市魏县,河北省邯郸市,李海刚,李海刚,4.0,15100069992
永年县县城,河北省邯郸市,杜宗燕,杜宗燕,4.0,18303061076
河北省邯郸市,河北省邯郸市,何伟平,何伟平,4.0,13722583598
河北省邯郸市,河北省邯郸市,,张宁,4.0,18931053585
河北省邯郸市,河北省邯郸市,,冯洪勇,4.0,13730058819
河北省邯郸市,河北省邯郸市,,郗彦丰,4.0,13930059621
河北省邯郸市,河北省邯郸市,王云龙,王云龙,4.0,15690004999
,河北省邯郸市,,刘淑英,4.0,13613101050
河北省邯郸市馆陶县,河北省邯郸市,薛军同,薛军同,4.0,15612088851
河北省,河北省邯郸市,,魏东,4.0,18931022002
