河南省漯河市,河南省漯河市,崔素丽,崔素丽,4.0,15939528920
河南省漯河市郾城区,河南省漯河市,,王长伟,4.0,15839563311
河南省漯河市召陵区,河南省漯河市,陈鑫,陈鑫,4.0,15139567172
河南省漯河市源汇区漯舞路129号,河南省漯河市,杨军卫,杨军卫,4.0,13781720577
,河南省漯河市,,杨明,4.0,13103957722
,河南省漯河市,,杨明,4.0,18739598158
,河南省漯河市,,张江燕,4.0,15939589889
河南省漯河市丽江春天,河南省漯河市,张垒,张垒,4.0,15936607839
