青海海东市平安县,青海省海东地区,周鸣,周鸣,4.0,15500545404
青海省海东市平安区互助路,青海省海东地区,鲍国虎,鲍国虎,4.0,15897227222
青海省 海东地区平安大道235号,青海省海东地区,张海云,张海云,4.0,13119722166
青海省互助县高寨镇,青海省海东地区,马鑫,马鑫,4.0,13519708442
青海省海东市平安区地质一大队,青海省海东地区,张浩,张浩,4.0,15297239666
青海省海东市平安区海东车管所,青海省海东地区,海东市盛嘉汽车运输有限公司,张林,4.0,15597555559
化隆,青海省海东地区,,马延林,4.0,13997139726
