陕西省汉中市汉台区,陕西省汉中市,管涛,管涛,4.6,13571686605
陕西省汉中市梁州路与莲湖路什字向北98米,陕西省汉中市,汉中博盛汽车服务有限公司,吕松,4.6,15319291272
,陕西省汉中市,,何金秀,4.0,13484850887
陕西省汉中市汉台区鑫源办事处崔家沟居委会1组20号,陕西省汉中市,颜昌,颜昌,4.0,15877301800
汉中市汉台区,陕西省汉中市,张杰,张杰,4.0,15291580750
陕西省汉中市汉台区西关正街,陕西省汉中市,林建兵,林建兵,4.0,18609166777
陕西省汉中市汉台区开发区南区办事处,陕西省汉中市,周静,周静,4.0,18700649822
