陕西省咸阳市渭城区,陕西省咸阳市,李二虎,李二虎,4.9,13474088077
陕西省西安市长安区,陕西省咸阳市,刘浩,刘浩,4.5,13488233368
陕西省咸阳市秦都区玉泉东路,陕西省咸阳市,刘俊刚,刘俊刚,4.0,13359104068
陕西省咸阳市秦都区,陕西省咸阳市,秦彭,秦彭,4.0,18402996158
陕西省咸阳市秦都区,陕西省咸阳市,秦刚,秦刚,4.0,13991056081
陕西省乾县姜村镇杨定村,陕西省咸阳市,孙更更,孙更更,4.0,13992014757
陕西省咸阳市长武县,陕西省咸阳市,李军民,李军民,4.0,18182502197
陕西省长武县,陕西省咸阳市,王志明,王志明,4.0,15389472688
陝西省咸陽,陕西省咸阳市,熊小燕,熊小燕,4.0,15929987314
陕西省咸阳市渭城区,陕西省咸阳市,苏少东,苏少东,4.0,18064394335
雁塔区永松路,陕西省咸阳市,刘欣,刘欣,4.0,13335417657
