圣林街军分区转盘道蓝天小区5号楼101号,黑龙江省牡丹江市,汇鑫汽车租赁服务有限公司,张楠,4.5,13766663354
黑龙江省牡丹江市东宁县,黑龙江省牡丹江市,赵秉有,赵秉有,4.0,18245317879
绥芬河市省建行C栋014-1室,黑龙江省牡丹江市,速诚二手车交易有限公司,袁延宾,4.0,13124539797
宁安市东京城镇中心大街,黑龙江省牡丹江市,鑫腾达二手车,赵自强,4.0,13614536262
黑龙江省宁安市东京城镇东京新城,黑龙江省牡丹江市,王兴刚,王兴刚,4.0,15846468883
牡丹江市穆棱市,黑龙江省牡丹江市,,许强,4.0,13251533311
牡丹江市阳明区兴业路88号利隆汽车服务有限公司,黑龙江省牡丹江市,李良,李良,4.0,13555019994
牡丹江市东七东八新安街545号助力汽车服务中心,黑龙江省牡丹江市,助力汽车服务中心,褚孝兰,4.0,18714416999
