黑龙江省宝清县连丰路617号,黑龙江省双鸭山市,远航二手车公司,王天友,4.0,15046824567
尖山区建设路建委住宅楼,黑龙江省双鸭山市,隆安二手车信息有限公司,李云振,4.0,13555192119
集贤县兴山现代城2号商服,黑龙江省双鸭山市,腾盛二手车交易有限公司,王莹,4.0,13029771999
富饶佳苑,黑龙江省双鸭山市,韩玉,韩玉,4.0,18105555565
,黑龙江省双鸭山市,,赵德朕,4.0,13555450061
,黑龙江省双鸭山市,,范有,4.0,18345810058
