大庆市让胡路区,黑龙江省大庆市,,许清,4.5,13904591459
大庆市龙凤区,黑龙江省大庆市,,李东萍,4.0,13351187771
萨尔图区经六街8号楼207、208,黑龙江省大庆市,洲达汽车租赁服务部,马维娟,4.0,15164537979
红岗区红岗医院北侧门市房1号一层,黑龙江省大庆市,畅通钇博货运车辆服务部,孙满东,4.0,13836956678
龙凤区昌升国际商贸城02—07楼02门,黑龙江省大庆市,祥德道路运输服务有限公司,任刚,4.0,18345517567
黑龙江省大庆市让胡路区西宾西路158号,黑龙江省大庆市,何立超,何立超,4.0,13555525325
大庆市红岗区,黑龙江省大庆市,,李秋雨,4.0,15214524567
,黑龙江省大庆市,,于晓红,4.0,15245918608
,黑龙江省大庆市,,刘晗,4.0,18545769239
,黑龙江省大庆市,,宋继宇,4.0,18045991002
