四川省凉山彝族自治州会理县,四川省凉山彝族自治州,冯亚铃,冯亚铃,4.0,18113373706
四川省凉山彝族自治州会东县,四川省凉山彝族自治州,袁志刚,袁志刚,4.0,18111060262
四川省凉山彝族自治州德昌县,四川省凉山彝族自治州,张丽瑶,张丽瑶,4.0,18111060261
四川省凉山彝族自治州西昌市,四川省凉山彝族自治州,郭又菊,郭又菊,4.0,18113324888
四川省凉山彝族自治州西昌市,四川省凉山彝族自治州,李欢欢,李欢欢,4.0,18111060337
四川省凉山彝族自治州雷波县,四川省凉山彝族自治州,王春香,王春香,4.0,18009005774
西昌市西乡乡古城村一组,四川省凉山彝族自治州,李建伟,李建伟,4.0,13778667557
