四川省攀枝花市仁和区弯腰树公交车站对面别洞天宾馆二楼203,四川省攀枝花市,,夏逢刚,4.0,15390318023
攀枝花市东区,四川省攀枝花市,,腾守昆,4.0,13096248527
四川省攀枝花市仁和区,四川省攀枝花市,房川,房川,4.0,13882335002
四川省攀枝花市东区,四川省攀枝花市,刘冉,刘冉,4.0,18090412958
四川省攀枝花市仁和区弯腰树新车管所旁,四川省攀枝花市,张钟文,张钟文,4.0,13684285354
四川省攀枝花市米易县,四川省攀枝花市,李佳鑫,李佳鑫,4.0,13198603940
四川省攀枝花市仁和区,四川省攀枝花市,李翠萍,李翠萍,4.0,13340721078
四川省攀枝花市盐边县,四川省攀枝花市,彭学美,彭学美,4.0,13982399397
四川省攀枝花东区,四川省攀枝花市,李方山,李方山,4.0,13558985455
四川省攀枝花市西区,四川省攀枝花市,文洪美,文洪美,4.0,18608129989
