四川省内江市东兴区607二手车市场对面新诚二手车,四川省内江市,刘勇,刘勇,4.0,18990500010
四川省内江市资中县水南镇资威路16号门面,四川省内江市,蒋能,蒋能,4.0,13619003397
四川省内江市,四川省内江市,,戴玥,4.0,17761231553
四川省内江市威远县,四川省内江市,郭光全,郭光全,4.0,13419499928
内江市东兴区交警二大队旁洛克照相馆,四川省内江市,张群英,张群英,4.0,18981415180
四川省内江市威远县尚座雅致1一1一603,四川省内江市,张琼英,张琼英,4.0,13518491352
四川省内江市市中区大洲路交警一大队旁,四川省内江市,四川新宏汽车服务有限公司,刘婷,4.0,18783205707
四川省内江市市中区,四川省内江市,,李凯,4.0,13388368839
