德阳市车辆管理所,四川省德阳市,,郭勇均,4.7,15983825501
德阳市泰山南路72号二手车交易市场36号,四川省德阳市,,魏佳,4.5,18783847967
德阳市八角井柳江街国信检测中心正对面,四川省德阳市,德阳永鑫车辆手续代办服务有限公司,黄勇,4.5,13183980666
四川省德阳市,四川省德阳市,敬劲,敬劲,4.5,13881089165
四川省德阳市,四川省德阳市,四川德阳龙焺车务,龙焺,4.0,13060125557
德阳市,四川省德阳市,,胡士兵,4.0,13696199977
四川省德阳市车管所旁,四川省德阳市,周波,周波,4.0,18280590459
四川省德阳市,四川省德阳市,,邓鹏程,4.0,15196239897
罗江县,四川省德阳市,,张春兰,4.0,15883601348
,四川省德阳市,,刘娜,4.0,13795914789
,四川省德阳市,,任正柳,4.0,13340859198
