四川省泸州市江阳区,四川省泸州市,罗安刚,罗安刚,4.0,15883054707
四川省泸州市江阳区蓝安大道二段（泸州市公安局交警支队车管所旁）,四川省泸州市,泸州易通达汽车服务有限公司,罗安春,4.0,18783007775
四川省泸州市合江县,四川省泸州市,朱喜琴,朱喜琴,4.0,18982429773
四川省泸州市龙马潭区,四川省泸州市,胡毅,胡毅,4.0,18808303030
四川省泸州龙马潭区,四川省泸州市,蔡正清,蔡正清,4.0,18982488819
,四川省泸州市,,刘罗,4.0,18384304557
四川省泸州市龙马潭区,四川省泸州市,陈元敏,陈元敏,4.0,13778448507
