四川省广元市利州区文化路18号,四川省广元市,广元市城区吉远机动车代理服务部,郑开心,4.8,18908129911
四川省南部县河坝镇许家垭村6组14号,四川省广元市,杨嘉兴,杨嘉兴,4.6,18881288885
四川省广元市利州区,四川省广元市,马翰林,马翰林,4.5,15883537116
四川省广元市利州区,四川省广元市,,向新苗,4.5,18283902817
广元市利州区东坝兴安路379号,四川省广元市,广元市城区伟明机动车业务代理中心,杨超,4.0,13118156777
,四川省广元市,,张攀,4.0,15883941800
四川省广元市东坝办事处兴安路405,四川省广元市,张定军,张定军,4.0,13340755300
四川省广元市市中区,四川省广元市,张磊,张磊,4.0,13648122241
四川省广元市市中区,四川省广元市,喻方林,喻方林,4.0,18781283233
四川省广元市,四川省广元市,刘坤,刘坤,4.0,18980157878
四川广元市利州区,四川省广元市,郭玉华,郭玉华,4.0,18383977519
