安徽省宿州市砀山县车管所对面,安徽省宿州市,,刘艳,4.6,18655772286
安徽省宿州市泗县,安徽省宿州市,许闯,许闯,4.0,13855736222
安徽省,宿州市,安徽省宿州市,韩先生,韩先生,4.0,15665388388
安徽省,宿州市,安徽省宿州市,徐先生,徐先生,4.0,15655576668
安徽宿州砀山县,安徽省宿州市,,马坤,4.0,18255779300
安徽省宿州市砀山县,安徽省宿州市,,陈培正,4.0,13014009988
安徽省宿州市灵璧县,安徽省宿州市,,彭飞飞,4.0,18005503210
安徽省宿州市埇桥区北杨寨乡曹坊村王东组71号,安徽省宿州市,武蕊,武蕊,4.0,15178215303
安徽宿州泗县,安徽省宿州市,张志田,张志田,4.0,18955761189
,安徽省宿州市,尚振风,尚振风,4.0,18326980897
宿州市埇桥区，金海大道9号飞跃国际汽车城,安徽省宿州市,刘闯,刘闯,4.0,18655772677
安徽省宿州市砀山县城关镇西关北二队人民西路355号,安徽省宿州市,邢占钢,邢占钢,4.0,15385703333
