安徽淮南市,安徽省淮南市,,陈强,4.5,13155496866
安徽省,淮南市,安徽省淮南市,杨先生,杨先生,4.0,18055442777
安徽省,淮南市,安徽省淮南市,陈小姐,陈小姐,4.0,13855423788
,安徽省淮南市,,曹杰,4.0,15955479818
安徽省淮南市大通区,安徽省淮南市,安徽展胜网络科技有限公司,朱理,4.0,18664634587
安徽省淮南市大通区车辆管理所,安徽省淮南市,,蒋文强,4.0,17709646058
安徽省淮南市谢家集区平山商业村精神病院14栋53号,安徽省淮南市,程川梅,程川梅,4.0,18130101314
淮南市凤台县二桥拘留所对面,安徽省淮南市,,缪保根,4.0,13955401122
安徽省淮南市田家庵区,安徽省淮南市,吴英祥,吴英祥,4.0,13966482422
安徽省淮南市潘集区,安徽省淮南市,,杨满满,4.0,13685544252
