安徽省,黄山市,屯溪区,安徽省黄山市,李国庆,李国庆,4.0,15155625798
安徽省,黄山市,屯溪区,安徽省黄山市,汪水华,汪水华,4.0,15955909330
安徽省,黄山市,安徽省黄山市,方先生,方先生,4.0,15805593530
安徽省黄山市黟县桃花源路151号,安徽省黄山市,,余晓林,4.0,18075236601
黄山市祁门县交警队隔壁16号 新兴路16号,安徽省黄山市,,汪美玲,4.0,18955920929
安徽省黄山市黄山区甘棠新区大圆盘西南侧翡翠华庭8栋,安徽省黄山市,何富强,何富强,4.0,18955975599
黄山市歙县检测站旁,安徽省黄山市,方晓旭,方晓旭,4.0,13965520778
安徽省黄山市徽州区岩寺镇丰乐路45-15号,安徽省黄山市,余兰兰,余兰兰,4.0,18955961191
安徽省黄山,安徽省黄山市,,胡丽君,4.0,13855968386
