内蒙古自治区兴安盟突泉县,内蒙古自治区兴安盟,春林汽车服务,张春林,4.6,18848067575
内蒙古兴安盟乌兰浩特市南滨河盟检6号楼日兴隆汽车养护中心 ,内蒙古自治区兴安盟,首席汽车服务,陈利军,4.7,18704888483
兴安盟科右中旗,内蒙古自治区兴安盟,于思勇,于思勇,4.0,18004826222
兴安盟扎赉特旗,内蒙古自治区兴安盟,,韩春贺,4.0,13514826803
兴安盟科尔沁右翼中旗,内蒙古自治区兴安盟,,孙惠君,4.0,18204800915
内蒙古自治区兴安盟扎赉特旗,内蒙古自治区兴安盟,,尹静,4.0,15004596888
内蒙古兴安盟科右中旗,内蒙古自治区兴安盟,张立军,张立军,4.0,15573765432
