吉林省延边朝鲜族自治州延吉市,吉林省延边朝鲜族自治州,延边车务✔小辉,王显辉,4.0,15834761444
吉林省延边朝鲜族自治州延吉市,吉林省延边朝鲜族自治州,熊光耀,熊光耀,4.0,13224330345
吉林省延边朝鲜自治州珲春市,吉林省延边朝鲜族自治州,,朱明强,4.0,13843361252
吉林省延边朝鲜族自治州安图县,吉林省延边朝鲜族自治州,,徐玲丽,4.0,15643333181
吉林省延边朝鲜族自治州汪清县,吉林省延边朝鲜族自治州,,左莉莉,4.0,15567637770
吉林省延边朝鲜族自治州和龙市,吉林省延边朝鲜族自治州,,冯杨,4.0,13089304166
吉林省延边朝鲜族自治州延吉市,吉林省延边朝鲜族自治州,赵晓伟,赵晓伟,4.0,15834999969
,吉林省延边朝鲜族自治州,,宋恩喜,4.0,13944377123
,吉林省延边朝鲜族自治州,曹盈,曹盈,4.0,15704331155
