,吉林省通化市,,王慧钦,4.5,18643558999
吉林省通化市东昌区,吉林省通化市,,韩月蒙,4.0,13766180570
吉林省通化市,吉林省通化市,,于长宝,4.0,13944590599
吉林省,通化市,吉林省通化市,李先生,李先生,4.0,15567805679
吉林省,通化市,吉林省通化市,李先生,李先生,4.0,15834559655
吉林省通化市,吉林省通化市,皇春力,皇春力,4.0,13404509666
吉林省通化市,吉林省通化市,,张帅,4.0,15043549996
吉林省通化市二道江区,吉林省通化市,石磊,石磊,4.0,13943343833
吉林省通化市通化县,吉林省通化市,通化市小王哥,王东冰,4.0,15943599696
吉林省通化市集安市,吉林省通化市,,张艳红,4.0,15834546969
吉林省通化市梅河口市,吉林省通化市,,石磊,4.0,15044556340
吉林省通化市辉南县,吉林省通化市,,杨晓丽,4.0,18744598900
吉林省通化市二道江区富康花园,吉林省通化市,孙风云,孙风云,4.0,15344395767
