广东省韶关市乐昌开发区交警大队对面,广东省韶关市,何小兰,何小兰,4.8,18218105399
广东省韶关市浈江区五里亭前进路锦绣花园D座粤海楼5号铺,广东省韶关市,吴伟华,吴伟华,4.7,18318330173
韶关市武江区芙蓉东路178号南枫碧水花城B栋-1层4号商铺1-3号,广东省韶关市,武江区志和汽车养护中心,志和汽车 刘志超,4.0,13030138962
始兴县马市镇育成街00072号,广东省韶关市,始兴县马市镇新北交通咨询服务代理部,欧素梅,4.0,15819206098
,广东省韶关市,,李威,4.0,18300067859
