广西省,钦州市,广西壮族自治区钦州市,梁先生,梁先生,4.0,18070783588
钦南区,广西壮族自治区钦州市,,李琳丽,4.0,18977766377
广西壮族自治区钦州市钦南区,广西壮族自治区钦州市,,黎志强,4.0,18777966611
广西省钦州市钦南区兴业路36号,广西壮族自治区钦州市,颜开国,颜开国,4.0,18277758881
钦州市灵山县,广西壮族自治区钦州市,李应禄,李应禄,4.0,18377731916
广西壮族自治区，钦州市钦北区,广西壮族自治区钦州市,,杜玉燕,4.0,13207777158
