广东省河源市公安基地车辆检测站路口,广东省河源市,刘永雄,刘永雄,4.0,13435320121
广东省河源市河源大道北西一巷53号,广东省河源市,蓝健源,蓝健源,4.0,13825355361
广东省河源市源城区,广东省河源市,,邹文香,4.0,18807623043
广东省河源市,广东省河源市,朱琳燕,朱琳燕,4.0,18211451616
河源市建设大道德欣豪庭,广东省河源市,李智鹏,李智鹏,4.0,18316928169
河源市车夫人,广东省河源市,,孙龙珠,4.0,13539136625
河源市江东新区和平新村吉潭小区东二巷1号,广东省河源市,李必生,李必生,4.0,13825344886
广东省河源市紫金县长安大道东49号,广东省河源市,许伟松,许伟松,4.0,18802638281
