广东省汕头市,广东省汕头市,张佳灿,张佳灿,4.9,13113958138
汕头澄海,广东省汕头市,郑淦,郑淦,4.0,15815168641
,广东省汕头市,,张焕钦,4.0,13414099910
汕头澄海区,广东省汕头市,唐振环,唐振环,4.0,18902703654
汕头市龙湖区陈厝合宁和街三巷7号,广东省汕头市,,赖金鹏,4.0,15913902847
,广东省汕头市,,黄聪敏,4.0,13433331371
,广东省汕头市,林泽龙,林泽龙,4.0,13113486393
,广东省汕头市,,陈南春,4.0,15875370072
汕头市金平区蛇针路,广东省汕头市,李敬宗,李敬宗,4.0,18316637224
