广西省来宾市兴宾区,广西壮族自治区来宾市,,熊宏棉,4.5,15878289819
广西省来宾市兴宾区,广西壮族自治区来宾市,,谭广道,4.5,18878266669
,广西壮族自治区来宾市,李富清,李富清,4.0,18807828433
广西来宾市武宣县,广西壮族自治区来宾市,覃师,覃师,4.0,15678006011
来宾市武宣县,广西壮族自治区来宾市,武宣县雄源信息商务中心,覃盘,4.0,18897625577
来宾市象州县,广西壮族自治区来宾市,象州县马坪龙发汽车服务部 ,覃栋,4.0,13878262118
广西壮族自治区，来宾市金秀县,广西壮族自治区来宾市,,樊韦善,4.0,13768682787
广西壮族自治区来宾市合山市,广西壮族自治区来宾市,黄以柯,黄以柯,4.0,15078496752
广西壮族自治区来宾市旧政府开发区三巷28号,广西壮族自治区来宾市,马堂京,马堂京,4.0,18907828944
