,广东省中山市,陈乐华,陈乐华,4.0,18028377444
中山市东升镇同乐大街一路76号森美时代花园9幢203卡之二6号,广东省中山市,梓航汽车服务有限公司,刘志强,4.0,15018710243
中山市,广东省中山市,,陈志宏,4.0,13068189880
广东省中山市沙溪镇下泽新村长岭西32号首层商铺,广东省中山市,,植崇枝,4.0,15815727605
中山东区起湾南道92号-3卡,广东省中山市,中山车盟汽车服务有限公司,韦永杰,4.0,18022130522
广东省中山市火炬开发区张家边大岭二手车市场A区,广东省中山市,王钻栋,王钻栋,4.0,13902820042
广东省,广东省中山市,蒋妹桃,蒋妹桃,4.0,17373712335
,广东省中山市,植洁芳,植洁芳,4.0,13715555114
火炬开发区张家边大岭二手车市场,广东省中山市,,吴志汉 ,4.0,13640490668
,广东省中山市,,彭伟雄,4.0,18169861039
