广西省贺州市八步区,广西壮族自治区贺州市,叶凯,叶凯,4.7,18877458380
广西壮族自治区贺州市八步区,广西壮族自治区贺州市,,钟振涵,4.6,13737406292
广西贺州市八步区,广西壮族自治区贺州市,,江志军,4.0,13367843172
广西壮族自治区贺州市八步区,广西壮族自治区贺州市,,苏华盖,4.0,18907848118
贺州市八步区连塘镇新连村,广西壮族自治区贺州市,,邓松立,4.0,13978448222
广西壮族自治区，贺州市富川县,广西壮族自治区贺州市,李国钰,李国钰,4.0,18778479858
广西贺州市八步区,广西壮族自治区贺州市,盘维辉,盘维辉,4.0,13978431618
