广东省茂名市,广东省茂名市,赖明寿,赖明寿,4.7,15019371922
广东省信宜市人民北路435号,广东省茂名市,,农辉文,4.0,18125015683
高州市公安消防大队斜对面,广东省茂名市,林善新,林善新,4.0,13702664572
茂名市茂南开发区铜鼓岭茂水路688号A010,广东省茂名市,刘颖卫,刘颖卫,4.0,15360769451
广东省高州市石仔岭街道石仔岭大村18号,广东省茂名市,何奇锋,何奇锋,4.0,13790908922
茂名市茂南区铜鼓岭车管所,广东省茂名市,李世建,李世建,4.0,18806690090
,广东省茂名市,,吉祥龙,4.0,13480802300
茂南县,广东省茂名市,车东明,车东明,4.0,18948111910
,广东省茂名市,,凌燕子,4.0,13622902000
,广东省茂名市,,,4.0,18718632368
