江门市蓬江区棠下镇兴棠路6号103室,广东省江门市,广东江门市浩亮车务,叶永亮,4.8,13427333975
江门市蓬江区天龙三街7座101铺,广东省江门市,江青花,江青花,4.3,13929037238
广东省江门市蓬江区,广东省江门市,,叶耀权,4.0,18575017290
广东省江门市蓬江区农林横路11号海记车行,广东省江门市,湛金许,湛金许,4.0,18507505555
广东省江门市蓬江区,广东省江门市,郭亮芹,郭亮芹,4.0,13536122577
广东省江门市蓬江区,广东省江门市,,珍珍,4.0,13267675681
北郊天龙2街12座12号,广东省江门市,叶惜文,叶惜文,4.0,13827010833
广东江门市蓬江区棠下镇新昌大道45铺,广东省江门市,谢秀容,谢秀容,4.0,15917328490
,广东省江门市,,曹满莆,4.0,13427147001
