广西省梧州市,广西壮族自治区梧州市,钟声光,钟声光,4.0,13977480328
梧州,广西壮族自治区梧州市,黎通,黎通,4.0,13707740708
梧州市苍梧县,广西壮族自治区梧州市,,祝斌,4.0,13977440694
广西梧州,广西壮族自治区梧州市,,韦庆彩,4.0,18677439233
梧州市碟山区,广西壮族自治区梧州市,欧宽,欧宽,4.0,13877482610
广西壮族自治区，梧州市龙圩区,广西壮族自治区梧州市,莫桂彬,莫桂彬,4.0,13207840784
广西壮族自治区，梧州市蒙山县,广西壮族自治区梧州市,,覃宁华,4.0,13737806823
广西梧州市,广西壮族自治区梧州市,梁泽平,梁泽平,4.0,18775438618
,广西壮族自治区梧州市,,唐汉浩,4.0,13677748883
