崇左市江洲区,广西壮族自治区崇左市,崇左市亿通二手车交易市场有限公司,赵宣军,4.9,18275916033
崇左市,广西壮族自治区崇左市,廖云凤,廖云凤,4.0,13978120333
广西壮族自治区崇左市江洲区赵国华,广西壮族自治区崇左市,,赵国华,4.0,15878151146
广西壮族自治区崇左市江州区,广西壮族自治区崇左市,,李彩妃,4.0,13617871758
崇左凭祥市,广西壮族自治区崇左市,,梁艳颜,4.0,13978103227
广西壮族自治区，崇左市扶绥县,广西壮族自治区崇左市,赵星福,赵星福,4.0,18007817101
广西壮族自治区，崇左市龙州县,广西壮族自治区崇左市,黄家锋,黄家锋,4.0,13617871641
