揭阳市榕城建阳路车管所北侧,广东省揭阳市,许晓新,许晓新,4.0,13922689825
广东省,广东省揭阳市,林艳云,林艳云,4.0,13806022946
,广东省揭阳市,, 张菲菲,4.0,15917963146
揭阳市东山区二号路别管所对面城乡楼125号,广东省揭阳市,,王浩佳,4.0,18344134032
广东省普宁市池尾镇竹园7幢108号,广东省揭阳市,,黄宏标,4.0,13729398883
广东省,广东省揭阳市,黄仕佳 ,黄仕佳 ,4.0,18029951099
广东省普宁市广达房管局旁,广东省揭阳市,李沣宜,李沣宜,4.0,13376517995
,广东省揭阳市,,郑燕光,4.0,13822977123
广东省揭阳市榕城区,广东省揭阳市,林李坡,林李坡,4.0,15766889222
广东省揭阳市,广东省揭阳市,,张芝金,4.0,13430009001
