广西壮族自治区贵港市港北区,广西壮族自治区贵港市,,温金勇,4.0,18276594621
广西省贵港市港北区贵港市,广西壮族自治区贵港市,陈文兴,陈文兴,4.0,18677500776
广西壮族自治区贵港市桂平市,广西壮族自治区贵港市,梁滢,梁滢,4.0,18077743688
贵港市,广西壮族自治区贵港市,李晓玲,李晓玲,4.0,18677518118
贵港,广西壮族自治区贵港市,杨旺臻,杨旺臻,4.0,15677050520
贵港,广西壮族自治区贵港市,贵港市港北区港鸿商务服务部,麦东星,4.0,18078771415
广西贵港市平南县,广西壮族自治区贵港市, 温金勇, 温金勇,4.0,13367571619
广西贵港市港北区庆丰镇留山路28号,广西壮族自治区贵港市,潘明都,潘明都,4.0,15577550922
,广西壮族自治区贵港市,潘醒星,潘醒星,4.0,13788253828
