,广西壮族自治区防城港市,,周思安,4.5,18907708911
广西壮族自治区防城港市,广西壮族自治区防城港市,沈名龙,沈名龙,4.5,18977009544
防城港东兴市,广西壮族自治区防城港市,黄友,黄友,4.0,13907701498
,广西壮族自治区防城港市,宋志侠,宋志侠,4.0,18507701382
广西省,防城港市,广西壮族自治区防城港市,小陈,小陈,4.0,13877066093
广西省防城港市,广西壮族自治区防城港市,阮林珍,阮林珍,4.0,13307709599
广西防城港市港口区,广西壮族自治区防城港市,,袁传亮,4.0,18277071818
广西省防城港市东兴市,广西壮族自治区防城港市,包丽丽,包丽丽,4.0,18077063699
防城港上思县,广西壮族自治区防城港市,上思县顺源二手车信息咨询服务有限公司,韦直锦,4.0,13977002788
广西防城港东兴市,广西壮族自治区防城港市,何雪源,何雪源,4.0,18277013777
