山西省晋城市,山西省晋城市,,段凯,4.8,15903561003
山西省晋城高平市,山西省晋城市,张培林,张培林,4.0,13935629299
山西省晋城市陵川县,山西省晋城市,,杨玉清,4.0,17803420688
山西省晋城市泽州县,山西省晋城市,王云雷,王云雷,4.0,13152761717
山西省晋城市阳城县北留镇,山西省晋城市,郭垄木,郭垄木,4.0,13097552945
山西晋城市,山西省晋城市,,吕亚辉,4.0,18634660408
山西四晋城市陵川县,山西省晋城市,杨玉清,杨玉清,4.0,13453607570
,山西省晋城市,,王忠强,4.0,18603565672
,山西省晋城市,,郭丽丽,4.0,13834316330
山西省晋城市,山西省晋城市,,李京江,4.0,15343561138
