山西省阳泉市矿区,山西省阳泉市,李军杰,李军杰,4.8,15525612275
山西省阳泉市郊区,山西省阳泉市,李树杰,李树杰,4.7,18735307667
山西省阳泉市城区,山西省阳泉市,,赵飞,4.6,13934280035
山西省阳泉市城区,山西省阳泉市,武海军,武海军,4.0,15333631999
山西省阳泉市,山西省阳泉市,,刘鑫,4.0,18803434444
山西省阳泉市,山西省阳泉市,李便友,李便友,4.0,13152735306
山西省阳泉市,山西省阳泉市,,李润涛,4.0,15303432226
盂县二级路,山西省阳泉市,路路通车辆服务有限公司,赵进国,4.0,18235385000
山西省阳泉市盂县,山西省阳泉市,高丽君,高丽君,4.0,13994519444
山西省阳泉市平定县,山西省阳泉市,刘帅,刘帅,4.0,13934488822
山西阳泉城区金苑小区,山西省阳泉市,石莉娟,石莉娟,4.0,15635334656
山西阳泉城区金苑小区,山西省阳泉市,石念珷,石念珷,4.0,15103531171
