山东日照东港区,山东省日照市,,刘磊,4.9,15806336566
·山东省日照市东港区,山东省日照市,,王金阳,4.7,13012773338
山东日照东港区,山东省日照市,,张方达,4.7,15615137251
山东日照东港区,山东省日照市,,申宁,4.0,18763396660
山东省日照市奎山汽车城，开发区车管所附近,山东省日照市,张方达,张方达,4.0,15315915099
山东日照岚山区,山东省日照市,,张斌,4.0,15106337878
山东日照莒县,山东省日照市,1,别秀刚,4.0,13666333136
山东日照日照经济技术开发区,山东省日照市,尹帅帅,尹帅帅,4.0,15506332345
山东日照五莲县,山东省日照市,王洪帅,王洪帅,4.0,15065557172
,山东省日照市,于晓东,于晓东,4.0,13406337772
山东省日照市五莲县,山东省日照市,,高华清,4.0,15006335040
山东省日照市五莲县,山东省日照市,王强,王强,4.0,15615230017
,山东省日照市,单洪锋,单洪锋,4.0,18863302158
