山西省运城市盐湖区,山西省运城市,李海龙,李海龙,4.9,13513591988
山西省运城市平陆县国土局楼下门面房,山西省运城市,平陆县开发区小红车辆服务中心,曹旭红,4.7,15035424888
山西省运城市稷山县,山西省运城市,王冲,王冲,4.6,13835886556
山西省运城市姚孟车管所,山西省运城市,,周胜利,4.0,18636376918
山西省运城市,山西省运城市,,杜仕超,4.0,18134925141
山西省运城市盐湖区,山西省运城市,,王斌,4.0,13233595517
山西运城市平陆县,山西省运城市,,郝芳霞,4.0,15534897722
山西省运城市稷山县,山西省运城市,陈智强,陈智强,4.0,15296700009
山西省河津市车管所北50米,山西省运城市,李丹,李丹,4.0,13753989785
山西运城市河津市,山西省运城市,,薛启超,4.0,13453961458
