山西省临汾市隰县,山西省临汾市,张学文,张学文,4.8,13994361949
山西省临汾市襄汾县,山西省临汾市,,高长春,4.5,15535788322
山西省临汾市隰县,山西省临汾市,张鹏,张鹏,4.0,13393577272
,山西省临汾市,,曹勤政,4.0,18636730902
,山西省临汾市,,梁斌浩,4.0,13935707707
山西省临汾市侯马市,山西省临汾市,,罗强强,4.0,18303444222
山西省临汾安泽县,山西省临汾市,九鼎汽车租凭服务有限公司,张彪,4.0,15103498516
山西省临汾洪洞县,山西省临汾市,,李俊义,4.0,18634957650
山西省临汾市尧都区,山西省临汾市,黄海燕,黄海燕,4.0,13835739393
山西省曲沃县里村镇石滩村,山西省临汾市,朱振东,朱振东,4.0,13734060987
山西省运城地区河津市,山西省临汾市,张春峰,张春峰,4.0,13610632398
,山西省临汾市,,孙莉,4.0,15536703798
,山西省临汾市,,乔向荣,4.0,13935713309
