威海,山东环翠区,山东省威海市,1,李凯,4.5,13061150333
山东威海荣成市,山东省威海市,,原康宁,4.0,13290171111
山东省,威海市,山东省威海市,刘先生,刘先生,4.0,18763198857
山东威海荣成,山东省威海市,邵红师,邵红师,4.0,18669755895
威海市环翠区现代家园,山东省威海市,郑磊,郑磊,4.0,15318285858
威海市环翠区温泉镇金蚂蚁汽车广场,山东省威海市,牟少华,牟少华,4.0,15666266396
山东省威海市环翠区,山东省威海市,,于兆飞,4.0,18606307606
