山西省忻州市定襄县,山西省忻州市,,宿林虎,4.9,15203505858
山西省忻州市忻府区,山西省忻州市,,姜俊明,4.7,13935074586
山西省朔州市怀仁县,山西省忻州市,,徐志宏,4.7,15303495915
山西省忻州代县,山西省忻州市,,叶志海,4.0,13610604411
山西省忻州市繁峙县,山西省忻州市,张宏生,张宏生,4.0,15935057544
山西省忻州市五台县,山西省忻州市,忻州市忻府区忻鹏二手车信息部,白连平,4.0,13191104245
山西省忻州市五寨县,山西省忻州市,,范玉珍,4.0,13753265308
山西省忻州市开发区,山西省忻州市,罗虎伟,罗虎伟,4.0,18535017708
山西忻州神池县,山西省忻州市,,杨永红,4.0,13593491341
山西省忻州市忻府区慕山小区,山西省忻州市,叶志海,叶志海,4.0,18734559967
山西省忻州市代县,山西省忻州市,,李永祥,4.0,13753041996
