山东省烟台市,山东省烟台市,,徐义斌,4.8,13356930377
山东省烟台市龙口市,山东省烟台市,龙口市黄城金诺汽车业务代理服务部,,4.0,13054567557
山东烟台芝罘,山东省烟台市,1,李相红,4.0,13862064948
山东省烟台市开发区,山东省烟台市,朱恩志,朱恩志,4.0,15065788411
山东烟台莱阳市,山东省烟台市,1,王柄栋,4.0,13455564696
山东烟台栖霞市,山东省烟台市,1,张国文,4.0,15949964984
山东省烟台市莱山区,山东省烟台市,,张旭明,4.0,15244582431
山东省烟台市福山区,山东省烟台市,烟台管家汽车服务有限公司,林治国,4.0,18865553789
,山东省烟台市,,刘璐鑫,4.0,15966494737
山东省烟台市莱阳市,山东省烟台市,,姜泉,4.0,17705451157
,山东省烟台市,,董喜福,4.0,18553576777
山东省招远市南关西村,山东省烟台市,刘菲,刘菲,4.0,15254556123
