,福建省龙岩市,,杨鑫,4.0,15860198890
,福建省龙岩市,,杨智敏,4.0,13950883714
福建省龙岩市,福建省龙岩市,苏任猷,苏任猷,4.0,13850670865
福建省龙岩市新罗区,福建省龙岩市,李超杰,李超杰,4.0,13515909399
福建省龙岩市新罗区,福建省龙岩市,苏凯凯,苏凯凯,4.0,13850691282
福建省龙岩市新罗区,福建省龙岩市,赖俊烨,赖俊烨,4.0,18906979797
,福建省龙岩市,汤栋杰,汤栋杰,4.0,15206051313
福建省龙岩市永定县,福建省龙岩市,,吴卫辉,4.0,13806994700
