,福建省宁德市,黄裕声 ,黄裕声 ,4.9,18695620592
福建省宁德市福安市,福建省宁德市,赵师谦,赵师谦,4.0,18606965525
,福建省宁德市,,王海燕,4.5,13509581227
福建省宁德市,福建省宁德市,林丽彬,林丽彬,4.0,15659963008
福建省宁德市周宁县,福建省宁德市,,周源,4.0,15259369087
宁德市蕉城区,福建省宁德市,宋建明,宋建明,4.0,18060310333
福建省宁德市蕉城区后山年检站对面 锦通汽车服务有限公司,福建省宁德市,徐炳强,徐炳强,4.0,15306566867
,福建省宁德市,林元举,林元举,4.0,13635206688
