福建省莆田市荔城区八二一北街436号,福建省莆田市,莆田市学车一族驾驶员培训咨询服务有限公司,谭小英,4.6,15160456688
福建省莆田市,福建省莆田市,郑清山,郑清山,4.0,18659464988
,福建省莆田市,,柳蒋强,4.0,15080182281
福建莆田荔城区赤溪三路鞋厂对面,福建省莆田市,莆田市学车一族驾驶员培训咨询服务有限公司,王敏,4.0,18160780808
河南省唐河县龙潭镇赵河村孙俺130号,福建省莆田市,孙航,孙航,4.0,17506055544
