武威市天祝藏族自治县,甘肃省武威市,,杨德红,4.5,15095626280
甘肃武威市,甘肃省武威市,,康鹏飞,4.5,17793500260
,甘肃省武威市,,李胤德,4.5,18794582220
武威市古浪县,甘肃省武威市,,王生平,4.5,18809354488
甘肃省武威市,甘肃省武威市,,李剑萍,4.5,18093535554
,甘肃省武威市,,韩慧,4.5,13689352592
永昌镇山高村,甘肃省武威市,,候禄平,4.0,18993577761
武威市,甘肃省武威市,王生军,王生军,4.0,15109355005
,甘肃省武威市,范伟德,范伟德,4.0,13369350041
甘肃省武威市,甘肃省武威市,,马新苇,4.0,18693508809
凉州区,甘肃省武威市,,李涛业,4.0,18399901860
甘肃省,甘肃省武威市,,李立,4.0,13884555522
