甘肃天水,甘肃省天水市,海明远,海明远,4.5,15593839995
交警支队,甘肃省天水市,吴瑞军,吴瑞军,4.0,15293553968
甘肃省天水市麦积区,甘肃省天水市,000000,郑娟娟,4.0,13830851113
天水市甘谷县,甘肃省天水市,王霞弟,王霞弟,4.0,18393332228
天水秦安县,甘肃省天水市,,张晓霞,4.0,13399381082
天水市张家川回族自治县,甘肃省天水市,,王久维,4.0,13145243633
天水市武山县,甘肃省天水市,,周金凤,4.0,17793827007
清水县水畔华城14栋11号商铺,甘肃省天水市,,王宏福,4.0,18009389228
