甘肃省张掖市交警支队,甘肃省张掖市,刘莹,刘莹,4.5,18009366111
甘肃省张掖市肃南裕固族自治县,甘肃省张掖市,徐文君,徐文君,4.7,17709474004
张掖市车管所大门正对面,甘肃省张掖市,张掖车服务,佘安平,4.5,15393658866
,甘肃省张掖市,,张盼林,4.5,15294028123
张掖市临泽县,甘肃省张掖市,,陈福鹏,4.0,18993621014
张掖市山丹县,甘肃省张掖市,,祝雁,4.0,15379272866
甘州区,甘肃省张掖市,,张春梅,4.0,13993645355
张掖市民乐县,甘肃省张掖市,,武永生,4.0,18089468887
,甘肃省张掖市,,藏克勤,4.0,13085928917
