临夏广河县,甘肃省临夏回族自治州,,马仲林,4.7,13830108826
甘肃省临夏市南龙,甘肃省临夏回族自治州,临夏市国俊二手车有限责任公司,马国俊,4.6,13993002880
临夏积石山保安族东乡族撒拉族自治县,甘肃省临夏回族自治州,,马仲祥,4.0,13993099446
临夏市团结路88号,甘肃省临夏回族自治州,杨义清,杨义清,4.0,15352024765
甘肃省临夏市南龙车管所,甘肃省临夏回族自治州,马么力克,马么力克,4.0,18793044495
甘肃省临夏市,甘肃省临夏回族自治州,马应成,马应成,4.0,15309306131
临夏东乡族自治县,甘肃省临夏回族自治州,,马国鑫,4.0,18793018382
临夏和政县,甘肃省临夏回族自治州,李小鹏,李小鹏,4.0,18215022022
临夏回族自治州康乐县,甘肃省临夏回族自治州,1,马海平,4.0,18893900633
