甘南州舟曲县,甘肃省甘南藏族自治州,,马由布,4.0,13893928172
甘南州碌曲县,甘肃省甘南藏族自治州,,马忠海,4.0,15109440007
甘南州玛曲县,甘肃省甘南藏族自治州,,杨忠林,4.0,13909417227
甘南藏族自治州夏河县,甘肃省甘南藏族自治州,,余建平,4.0,13884073415
甘南州临潭县,甘肃省甘南藏族自治州,,敏学才,4.0,13893910819
甘南州迭部县,甘肃省甘南藏族自治州,,尚建军,4.0,18709412688
甘肃甘南藏族自治州迭部县,甘肃省甘南藏族自治州,1,戴长寿福,4.0,15309414449
甘肃省甘南市卓尼县,甘肃省甘南藏族自治州,,周小虎,4.0,13893901609
