甘肃省陇南市武都区,甘肃省陇南市,,张小栋,4.0,13993935991
甘肃省陇南市,甘肃省陇南市,陇南市盛世二手经营有限公司,张永强,4.0,18093955055
陇南市礼县,甘肃省陇南市,董苟保,董苟保,4.0,15209398692
陇南市西和县,甘肃省陇南市,1111,楚文博,4.0,13739397444
陇南市两当县,甘肃省陇南市,,李菲林,4.0,18294741564
陇南市宕昌县,甘肃省陇南市,,王龙平,4.0,15348092007
陇南市康县,甘肃省陇南市,1,杨宝金,4.0,17866155555
甘肃省陇南市文县,甘肃省陇南市,8,蔡何斌,4.0,18793922218
