甘肃庆阳环县,甘肃省庆阳市,赵洪杰,赵洪杰,4.6,18393668992
庆阳市华池县,甘肃省庆阳市,,张晓迪,4.5,18693406540
庆阳市合水县,甘肃省庆阳市,,徐燕红,4.5,18009347474
庆阳市庆城县,甘肃省庆阳市,,贾怀粉,4.0,18909340195
庆阳市西峰区西环路南段,甘肃省庆阳市,,刘伟伟,4.0,13830470082
甘肃省庆阳市西峰区,甘肃省庆阳市,,邓诗雨,4.0,18993421573
甘肃省庆阳市西峰区,甘肃省庆阳市,,王俊龙,4.0,13884118836
庆阳市宁县,甘肃省庆阳市,,张庆超,4.0,15507259083
庆阳环县,甘肃省庆阳市,,郭红丽,4.0,15390563777
庆阳市镇原县,甘肃省庆阳市,,赵红奎,4.0,13884158190
,甘肃省庆阳市,张辉,张辉,4.0,18193488555
华池县悦乐镇范庄村杜湾子组,甘肃省庆阳市,吕盼红,吕盼红,4.0,15268969003
