甘肃省定西市临洮县,甘肃省定西市,,魏四成,4.8,13993201114
甘肃省定西市安定区,甘肃省定西市,安建强,安建强,4.6,18093230360
甘肃省定西市渭源县,甘肃省定西市,,张春丽,4.5,18193242068
定西市岷县,甘肃省定西市,,杜彦林,4.5,13830231126
安定区南川交警支队,甘肃省定西市,刘阳,刘阳,4.0,13830211956
安定区,甘肃省定西市,,李文星,4.0,18991383389
甘肃渭源县清源镇张家湾,甘肃省定西市,黄鹏,黄鹏,4.0,15682775592
定西市陇西县,甘肃省定西市,7,张宝东,4.0,18215246033
定西市漳县,甘肃省定西市,,陈彩霞,4.0,18894463650
甘肃省定西市通渭县,甘肃省定西市,,窦永强,4.0,17794327400
甘肃省定西市安定区,甘肃省定西市,贾维,贾维,4.0,18093230362
