平凉市崆峒区解放北路98号,甘肃省平凉市,王静,王静,4.9,18609330040
平凉市静宁县,甘肃省平凉市,,马润娥,4.0,13919016935
平凉市华亭县,甘肃省平凉市,,王晓艳,4.0,13993332237
平凉市崇信县,甘肃省平凉市,,马永刚,4.0,18093305359
平凉市泾川县,甘肃省平凉市,,史永超,4.0,18093324558
平凉市灵台县,甘肃省平凉市,,马亚峰,4.0,15393349334
平凉市庄浪县,甘肃省平凉市,庄浪县董小龙电瓶超市,董小龙,4.0,18993335446
,甘肃省平凉市,,焦鹏,4.0,13572758660
甘肃省平凉交警大队支队,甘肃省平凉市,王海燕,王海燕,4.0,13150181666
