贵州省龙里县哪旁乡,贵州省黔南布依族苗族自治州,,方礼群,4.5,18286412245
车管所,贵州省黔南布依族苗族自治州,龙,龙,4.0,18185424488
贵州省黔南布依族苗族自治州都匀市小围寨办独山,贵州省黔南布依族苗族自治州,解松松,解松松,4.0,18585145412
平塘,贵州省黔南布依族苗族自治州,王运春,王运春,4.0,15885445661
都匀市,贵州省黔南布依族苗族自治州,索洪幸,索洪幸,4.0,13885425463
福泉市老公安局,贵州省黔南布依族苗族自治州,余啟文,余啟文,4.0,18985755532
贵州黔南福泉市,贵州省黔南布依族苗族自治州,罗辉样,罗辉样,4.0,18508542874
