贵州黔西南,贵州省黔西南布依族苗族自治州,张星星,张星星,4.0,15329291230
贵州省黔西南布依族苗族自治州兴义县,贵州省黔西南布依族苗族自治州,1,杜玮,4.5,13985397201
贵州省,黔西南布依族苗族自治州,贵州省黔西南布依族苗族自治州,刘先生,刘先生,4.0,13379670067
普安县,贵州省黔西南布依族苗族自治州,1,杜军,4.0,15108598991
贵州省黔西南州兴仁县,贵州省黔西南布依族苗族自治州,黄毅,黄毅,4.0,13595907899
贵州省遵义县新舟镇,贵州省黔西南布依族苗族自治州,胡梦杰,胡梦杰,4.0,15185332546
