,贵州省六盘水市,,郭俊,4.0,13985947575
盘县,贵州省六盘水市,1,卢征龙,4.0,13368686687
贵州省,六盘水市,贵州省六盘水市,杨先生,杨先生,4.0,13385168758
贵州省六盘水市钟山区,贵州省六盘水市,1,范存军,4.0,15599549119
钟山区,贵州省六盘水市,1,郭华,4.0,18285850989
钟山区,贵州省六盘水市,,吕良军,4.0,13238549992
贵州省六盘水市钟山区曹家湾水果批发市场对面三泰家园,贵州省六盘水市,六盘水市新胜汽车服务有限公司,周雕,4.0,13238538188
贵州省六盘水市钟山区黄土坡119对面,贵州省六盘水市,罗特,罗特,4.0,15519892223
,贵州省六盘水市,涂兴刚,涂兴刚,4.0,15599537400
六盘水市车管所,贵州省六盘水市,大兴达汽车服务有限公司,张斌,4.0,13984090292
