贵州省安顺市,贵州省安顺市,,杨国锦,4.0,13312419090
西秀,贵州省安顺市,1,胡艳,4.0,18085307789
,贵州省安顺市,,雷美,4.0,15519305399
关岭县,贵州省安顺市,1,查仕林,4.0,15685360057
紫云县,贵州省安顺市,臧胜祥,臧胜祥,4.0,13765370078
贵州省安顺市七眼桥镇,贵州省安顺市,姜礼平,姜礼平,4.0,15108533331
贵州省安顺市西秀区紫云路10号,贵州省安顺市,蒋鹏,蒋鹏,4.0,13098538613
,贵州省安顺市,,陈翔翔,4.0,18084301499
贵州省,贵州省安顺市,,胡晓伟,4.0,13708534939
