,辽宁省盘锦市,,王强,4.0,15904277755
辽宁省盘锦市,辽宁省盘锦市,,杨振龙,4.0,15124284566
辽宁盘锦盘山县,辽宁省盘锦市,,赵睿,4.0,13008222977
辽宁盘锦兴隆台区,辽宁省盘锦市,,赵强,4.0,18642791789
,辽宁省盘锦市,刘志,刘志,4.0,13514276693
辽宁盘锦双台子区,辽宁省盘锦市,,赵红飞,4.0,15942731131
辽宁省盘锦市双台子区,辽宁省盘锦市,,杨超,4.0,13065288833
,辽宁省盘锦市,孟祥鹏,孟祥鹏,4.0,13842719626
辽宁省盘锦市盘山县,辽宁省盘锦市,,杨超,4.0,15242263222
