辽宁铁岭银州区,辽宁省铁岭市,,王小龙,4.8,18504101118
辽宁铁岭开原市,辽宁省铁岭市,祁越,祁越,4.0,15504102666
辽宁铁岭昌图,辽宁省铁岭市,,李晓,4.0,13354102999
辽宁铁岭清河区,辽宁省铁岭市,,杨德刚,4.0,13332350505
辽宁铁岭铁岭县,辽宁省铁岭市,,朱明,4.0,15804109695
辽宁铁岭铁岭县,辽宁省铁岭市,,周扬,4.0,15214272553
辽宁铁岭银州区,辽宁省铁岭市,杨春茂,杨春茂,4.0,18109807555
辽宁铁岭县,辽宁省铁岭市,,张家乐,4.0,13147969876
辽宁铁岭银州区,辽宁省铁岭市,,孟凡龙,4.0,18504100085
辽宁铁岭银州区,辽宁省铁岭市,,薛岭,4.0,13904908197
辽宁铁岭银州区,辽宁省铁岭市,,丛文敏,4.0,15041076688
辽宁省铁岭市开原市,辽宁省铁岭市,徐达,徐达,4.0,18741024102
,辽宁省铁岭市,,赵淑娟,4.0,15241327100
