辽宁锦州古塔区,辽宁省锦州市,,张欢,4.9,18704228098
辽宁锦州凌河区,辽宁省锦州市,,王宏,4.7,18402618777
辽宁省锦州市古塔区,辽宁省锦州市,孙雷,孙雷,4.6,15141623702
,辽宁省锦州市,,刘海静,4.5,15134184111
振兴街交警队对面华谊宝坻,辽宁省锦州市,刘新,刘新,4.5,15241540234
锦州,辽宁省锦州市,,钱进,4.0,15174055544
辽宁省锦州市太和区,辽宁省锦州市,,曹洪飞,4.0,15041640555
辽宁锦州古塔区,辽宁省锦州市,1,吴绍渤,4.0,15350914449
辽宁省锦州市黑山县,辽宁省锦州市,,袁野,4.0,18841656868
,辽宁省锦州市,王亚卓,王亚卓,4.0,15841623234
,辽宁省锦州市,王宏,王宏,4.0,13898392294
