辽宁丹东东港市,辽宁省丹东市,,孙庆志,4.9,15114123191
辽宁省丹东市,辽宁省丹东市,徐玮,徐玮,4.0,13694168585
辽宁丹东元宝区,辽宁省丹东市,,尹祥智,4.0,18604953266
辽宁丹东宽甸满族自治县,辽宁省丹东市,,吕志明,4.0,13904156767
辽宁丹东凤城市,辽宁省丹东市,,曲埠,4.0,18242587111
辽宁丹东振安区,辽宁省丹东市,,夏美玲,4.0,14740507335
辽宁丹东振兴区,辽宁省丹东市,,孙成吉,4.0,18242546992
辽宁省丹东市东港市,辽宁省丹东市,,王继强,4.0,13942571220
辽宁省丹东市东港市,辽宁省丹东市,刘春明,刘春明,4.0,15841516121
