辽宁葫芦岛绥中县,辽宁省葫芦岛市,,李润臣,4.8,15184077444
葫芦岛建昌县,辽宁省葫芦岛市,,胡进伟,4.5,15142872678
辽宁葫芦岛绥中县,辽宁省葫芦岛市,1,李丹,4.0,13591976768
辽宁省兴城市碱厂乡碱厂村小莫山屯8号,辽宁省葫芦岛市,薛孝岩,薛孝岩,4.0,15040943399
辽宁省葫芦岛市南票区,辽宁省葫芦岛市,,刘兴彪,4.0,15898235333
辽宁省葫芦岛连山区,辽宁省葫芦岛市,,张明,4.0,15898242111
辽宁葫芦岛兴城区,辽宁省葫芦岛市,,齐峰,4.0,18842975941
绥中县,辽宁省葫芦岛市,,高洪亮,4.0,15242905444
葫芦岛市南票区,辽宁省葫芦岛市,,刘伟,4.0,13324290044
辽宁省葫芦岛市南票区,辽宁省葫芦岛市,孙丽建,孙丽建,4.0,15509894442
辽宁省葫芦岛市连山区,辽宁省葫芦岛市,赵振北,赵振北,4.0,18242951248
