辽宁抚顺市新抚区,辽宁省抚顺市,王微,王微,4.0,13841355789
辽宁省抚顺市新抚区,辽宁省抚顺市,任海波,任海波,4.0,13029262777
辽宁抚顺东洲区,辽宁省抚顺市,,管延龙,4.0,13904135386
辽宁抚顺清源县,辽宁省抚顺市,,赵林,4.0,13591577722
辽宁抚顺新抚区,辽宁省抚顺市,,果玉峰,4.0,13082285333
辽宁抚顺市抚顺县,辽宁省抚顺市,,徐锐,4.0,13941396336
辽宁抚顺望花区,辽宁省抚顺市,,蔡静,4.0,13082270782
辽宁抚顺东洲区,辽宁省抚顺市,杨圣,杨圣,4.0,13390434444
辽宁省抚顺望花区,辽宁省抚顺市,关英杰,关英杰,4.0,13504239900
辽宁省抚顺市抚顺县,辽宁省抚顺市,1,吴连洋,4.0,13942333721
辽宁省抚顺市望花区本溪路东段34号楼,辽宁省抚顺市,景红波,景红波,4.0,15842305668
,辽宁省抚顺市,明建坤,明建坤,4.0,13654233300
