辽宁本溪平山区,辽宁省本溪市,陈野,陈野,4.0,15841433123
辽宁本溪平山区,辽宁省本溪市,,鄂丽娇,4.0,13614140002
辽宁本溪明山区,辽宁省本溪市,高嵩,高嵩,4.0,18841470002
辽宁本溪自治县,辽宁省本溪市,苗财望,苗财望,4.0,13941432440
辽宁省本溪市恒仁满族自治县,辽宁省本溪市,,苗秀琴,4.0,15241423563
辽宁本溪南芬区,辽宁省本溪市,,苗财福,4.0,13941423667
辽宁本溪明山区,辽宁省本溪市,,李诚,4.0,13050258888
辽宁省本溪市西湖区煤矿街31号31-8,辽宁省本溪市,陈义武,陈义武,4.0,13841464325
辽宁省本溪市,辽宁省本溪市,周新,周新,4.0,13941484671
